{
  "legacy": {
    "matched": {
      "accuracy": 0.5478260869565217,
      "macro_f1": 0.5450395617772368,
      "positive_f1": 0.5094339622641509,
      "positive_precision": 0.5567010309278351,
      "positive_recall": 0.46956521739130436,
      "pr_auc": 0.5486879082891152,
      "prevalence": 0.5,
      "roc_auc": 0.5408317580340265
    },
    "natural": {
      "accuracy": 0.7196428571428571,
      "macro_f1": 0.6119607194085843,
      "positive_f1": 0.4075471698113208,
      "positive_precision": 0.36,
      "positive_recall": 0.46956521739130436,
      "pr_auc": 0.33458426473141056,
      "prevalence": 0.20535714285714285,
      "roc_auc": 0.6566878358573521
    },
    "params": {
      "coef": [
        [
          -0.04751063225098753,
          0.6485569713830565,
          -0.21130971789490438,
          0.22823795105640812,
          -0.27444666151435354
        ]
      ],
      "feature_set": "legacy",
      "intercept": [
        0.06617657480337545
      ],
      "scaler_mean": [
        279.4212786259542,
        96.04150763358778,
        4.385179528598807,
        2.6526717557251906,
        12.846374045801527,
        8.21517175572519
      ],
      "scaler_scale": [
        200.18920083558356,
        73.03317173766258,
        0.6083466074547856,
        5.227420776657047,
        18.433247276946823,
        8.32710205272243
      ],
      "source_reference": "SuperSecureHuman/competition_math_hf_dataset",
      "source_vocab": [
        "SuperSecureHuman/competition_math_hf_dataset",
        "open-r1/OpenR1-Math-220k"
      ]
    },
    "train": {
      "accuracy": 0.6159351145038168,
      "macro_f1": 0.6110457582784289,
      "positive_f1": 0.5674368619022031,
      "positive_precision": 0.6494464944649446,
      "positive_recall": 0.5038167938931297,
      "pr_auc": 0.6483438196155291,
      "prevalence": 0.5,
      "roc_auc": 0.6554710717615524
    }
  },
  "strong": {
    "matched": {
      "accuracy": 0.5260869565217391,
      "macro_f1": 0.5256475752587463,
      "positive_f1": 0.540084388185654,
      "positive_precision": 0.5245901639344263,
      "positive_recall": 0.5565217391304348,
      "pr_auc": 0.5354318790708132,
      "prevalence": 0.5,
      "roc_auc": 0.5360302457466919
    },
    "natural": {
      "accuracy": 0.6464285714285715,
      "macro_f1": 0.5716338798658651,
      "positive_f1": 0.39263803680981596,
      "positive_precision": 0.3033175355450237,
      "positive_recall": 0.5565217391304348,
      "pr_auc": 0.313138728560321,
      "prevalence": 0.20535714285714285,
      "roc_auc": 0.6484807034684905
    },
    "params": {
      "coef": [
        [
          -0.18675636999041145,
          0.33503379859997806,
          0.580234904832388,
          -0.23050058525325143,
          -0.014859338199114865,
          -0.38410737391886873,
          0.2744118372274789,
          -0.3862699357771659
        ]
      ],
      "feature_set": "strong",
      "intercept": [
        0.18530517699413293
      ],
      "scaler_mean": [
        279.4212786259542,
        96.04150763358778,
        4.385179528598807,
        2.6526717557251906,
        12.846374045801527,
        8.21517175572519
      ],
      "scaler_scale": [
        200.18920083558356,
        73.03317173766258,
        0.6083466074547856,
        5.227420776657047,
        18.433247276946823,
        8.32710205272243
      ],
      "source_reference": "SuperSecureHuman/competition_math_hf_dataset",
      "source_vocab": [
        "SuperSecureHuman/competition_math_hf_dataset",
        "open-r1/OpenR1-Math-220k"
      ]
    },
    "train": {
      "accuracy": 0.6154580152671756,
      "macro_f1": 0.6139268045647508,
      "positive_f1": 0.5896130346232179,
      "positive_precision": 0.6320960698689956,
      "positive_recall": 0.5524809160305344,
      "pr_auc": 0.6410853219163087,
      "prevalence": 0.5,
      "roc_auc": 0.6499803333139095
    }
  }
}
