{
  "matched_summary": {
    "accuracy": {
      "mean": 0.6463768115942029,
      "n": 3.0,
      "std": 0.017571529931858194
    },
    "bin_pr_auc": {
      "mean": 0.6521348380301397,
      "n": 3.0,
      "std": 0.011818327073880123
    },
    "bin_roc_auc": {
      "mean": 0.6301633587332373,
      "n": 3.0,
      "std": 0.001127409506735062
    },
    "macro_f1": {
      "mean": 0.6415231169731223,
      "n": 3.0,
      "std": 0.02077096220674624
    },
    "positive_f1": {
      "mean": 0.6014825966128664,
      "n": 3.0,
      "std": 0.037225574646941685
    },
    "positive_precision": {
      "mean": 0.6875273338940286,
      "n": 3.0,
      "std": 0.003987882724531301
    },
    "positive_recall": {
      "mean": 0.5362318840579711,
      "n": 3.0,
      "std": 0.05789850537808166
    },
    "pr_auc": {
      "mean": 0.6452989688769801,
      "n": 3.0,
      "std": 0.006099576813089764
    },
    "prevalence": {
      "mean": 0.5,
      "n": 3.0,
      "std": 0.0
    },
    "roc_auc": {
      "mean": 0.6867044738500315,
      "n": 3.0,
      "std": 0.003586970012419297
    }
  },
  "metadata_baselines": {
    "legacy": {
      "matched": {
        "accuracy": 0.5521739130434783,
        "macro_f1": 0.5497139381498166,
        "positive_f1": 0.5164319248826291,
        "positive_precision": 0.5612244897959183,
        "positive_recall": 0.4782608695652174,
        "pr_auc": 0.5492952874085992,
        "prevalence": 0.5,
        "roc_auc": 0.5421928166351607
      },
      "natural": {
        "accuracy": 0.7214285714285714,
        "macro_f1": 0.6154320226796499,
        "positive_f1": 0.41353383458646614,
        "positive_precision": 0.36423841059602646,
        "positive_recall": 0.4782608695652174,
        "pr_auc": 0.3337534060053631,
        "prevalence": 0.20535714285714285,
        "roc_auc": 0.6553590620420127
      },
      "params": {
        "coef": [
          [
            -0.040089146132914866,
            0.6951665620676378,
            -0.24269055047814123,
            0.2343790231646807,
            -0.3149683647345296
          ]
        ],
        "feature_set": "legacy",
        "intercept": [
          0.06129668219777962
        ],
        "scaler_mean": [
          278.42929292929296,
          95.68911335578002,
          4.389365685971368,
          2.6262626262626263,
          12.530303030303031,
          8.313131313131313
        ],
        "scaler_scale": [
          194.64964438125554,
          69.22149167375213,
          0.5986880443329294,
          5.194375082402412,
          15.717587988826653,
          8.314162215004878
        ],
        "source_reference": "SuperSecureHuman/competition_math_hf_dataset",
        "source_vocab": [
          "SuperSecureHuman/competition_math_hf_dataset",
          "open-r1/OpenR1-Math-220k"
        ]
      },
      "train": {
        "accuracy": 0.622895622895623,
        "macro_f1": 0.618559328080565,
        "positive_f1": 0.5778894472361809,
        "positive_precision": 0.6562054208273894,
        "positive_recall": 0.5162738496071829,
        "pr_auc": 0.6585761564936989,
        "prevalence": 0.5,
        "roc_auc": 0.663328634896162
      },
      "val": {
        "accuracy": 0.5796178343949044,
        "macro_f1": 0.5762483130904184,
        "positive_f1": 0.5384615384615384,
        "positive_precision": 0.5968992248062015,
        "positive_recall": 0.49044585987261147,
        "pr_auc": 0.607087081736029,
        "prevalence": 0.5,
        "roc_auc": 0.6087873747413688
      }
    },
    "strong": {
      "matched": {
        "accuracy": 0.5304347826086957,
        "macro_f1": 0.5301150121065376,
        "positive_f1": 0.5423728813559322,
        "positive_precision": 0.5289256198347108,
        "positive_recall": 0.5565217391304348,
        "pr_auc": 0.5364213910172911,
        "prevalence": 0.5,
        "roc_auc": 0.5376937618147448
      },
      "natural": {
        "accuracy": 0.6553571428571429,
        "macro_f1": 0.5786009770780454,
        "positive_f1": 0.3987538940809969,
        "positive_precision": 0.3106796116504854,
        "positive_recall": 0.5565217391304348,
        "pr_auc": 0.31319778624758904,
        "prevalence": 0.20535714285714285,
        "roc_auc": 0.6485002442598925
      },
      "params": {
        "coef": [
          [
            -0.19013090144358208,
            0.363916857798087,
            0.6125901594067377,
            -0.26408516253164566,
            0.004191334839568169,
            -0.42269489065582927,
            0.29432364481978013,
            -0.4388463463720274
          ]
        ],
        "feature_set": "strong",
        "intercept": [
          0.19156225482077704
        ],
        "scaler_mean": [
          278.42929292929296,
          95.68911335578002,
          4.389365685971368,
          2.6262626262626263,
          12.530303030303031,
          8.313131313131313
        ],
        "scaler_scale": [
          194.64964438125554,
          69.22149167375213,
          0.5986880443329294,
          5.194375082402412,
          15.717587988826653,
          8.314162215004878
        ],
        "source_reference": "SuperSecureHuman/competition_math_hf_dataset",
        "source_vocab": [
          "SuperSecureHuman/competition_math_hf_dataset",
          "open-r1/OpenR1-Math-220k"
        ]
      },
      "train": {
        "accuracy": 0.622895622895623,
        "macro_f1": 0.6215053763440861,
        "positive_f1": 0.5985663082437276,
        "positive_precision": 0.6398467432950191,
        "positive_recall": 0.5622895622895623,
        "pr_auc": 0.6491239177612673,
        "prevalence": 0.5,
        "roc_auc": 0.657464405874432
      },
      "val": {
        "accuracy": 0.5828025477707006,
        "macro_f1": 0.5812694049982186,
        "positive_f1": 0.5559322033898305,
        "positive_precision": 0.5942028985507246,
        "positive_recall": 0.5222929936305732,
        "pr_auc": 0.6059065924474322,
        "prevalence": 0.5,
        "roc_auc": 0.6079354132013469
      }
    }
  },
  "metadata_feature_set": "legacy",
  "natural_summary": {
    "accuracy": {
      "mean": 0.7732142857142857,
      "n": 3.0,
      "std": 0.0035714285714285587
    },
    "bin_pr_auc": {
      "mean": 0.4081274116187912,
      "n": 3.0,
      "std": 0.013149613077581954
    },
    "bin_roc_auc": {
      "mean": 0.6401367985703896,
      "n": 3.0,
      "std": 0.0034117072101025065
    },
    "macro_f1": {
      "mean": 0.6746915184942536,
      "n": 3.0,
      "std": 0.010095444365193088
    },
    "positive_f1": {
      "mean": 0.4958007559345005,
      "n": 3.0,
      "std": 0.023763986405579647
    },
    "positive_precision": {
      "mean": 0.45634920634920634,
      "n": 3.0,
      "std": 0.00511451907603095
    },
    "positive_recall": {
      "mean": 0.5449275362318841,
      "n": 3.0,
      "std": 0.05789850537808168
    },
    "pr_auc": {
      "mean": 0.41512971538642157,
      "n": 3.0,
      "std": 0.00536791848398708
    },
    "prevalence": {
      "mean": 0.20535714285714288,
      "n": 3.0,
      "std": 0.0
    },
    "roc_auc": {
      "mean": 0.7486989089724801,
      "n": 3.0,
      "std": 0.0013550004274687822
    }
  },
  "runs": [
    {
      "accuracy": 0.7696428571428572,
      "bin_pr_auc": 0.4166902921263012,
      "bin_roc_auc": 0.6365784188633034,
      "macro_f1": 0.6844298638383008,
      "matched_accuracy": 0.6652173913043479,
      "matched_bin_pr_auc": 0.6617702653858074,
      "matched_bin_roc_auc": 0.6313987210797106,
      "matched_macro_f1": 0.6637873754152823,
      "matched_positive_f1": 0.641860465116279,
      "matched_positive_precision": 0.69,
      "matched_positive_recall": 0.6,
      "matched_pr_auc": 0.6468424923293088,
      "matched_prevalence": 0.5,
      "matched_roc_auc": 0.6885444234404536,
      "natural_accuracy": 0.7696428571428572,
      "natural_bin_pr_auc": 0.4166902921263012,
      "natural_bin_roc_auc": 0.6365784188633034,