{
  "arms": [
    {
      "arm_key": "round6_anchor",
      "arm_label": "Round 6 anchor (val PR)",
      "selection_rule": "max(val_pr_auc), tie_break=max(val_macro_f1)",
      "natural_pr_auc_mean": 0.4137889604077927,
      "natural_roc_auc_mean": 0.7407262660804429,
      "natural_bin_pr_auc_mean": 0.41483897756975896,
      "matched_pr_auc_mean": 0.6497834799789165,
      "matched_roc_auc_mean": 0.6836042848141147,
      "matched_bin_pr_auc_mean": 0.6641199614393695,
      "delta_natural_pr_vs_round6_anchor": 0.0,
      "delta_matched_pr_vs_round6_anchor": 0.0,
      "delta_matched_bin_pr_vs_round6_anchor": 0.0
    },
    {
      "arm_key": "round6_anchor_reselected_bin",
      "arm_label": "Round 6 anchor reselected by val bin PR",
      "selection_rule": "max(val_bin_pr_auc), tie_break=max(val_pr_auc)",
      "natural_pr_auc_mean": 0.3939789971256285,
      "natural_roc_auc_mean": 0.7378928513271455,
      "natural_bin_pr_auc_mean": 0.39647571729585057,
      "matched_pr_auc_mean": 0.6253726563067094,
      "matched_roc_auc_mean": 0.6673724007561437,
      "matched_bin_pr_auc_mean": 0.6373618980028701,
      "delta_natural_pr_vs_round6_anchor": -0.019809963282164222,
      "delta_matched_pr_vs_round6_anchor": -0.02441082367220715,
      "delta_matched_bin_pr_vs_round6_anchor": -0.026758063436499335
    },
    {
      "arm_key": "bce_largebatch_anchor",
      "arm_label": "Round 7 BCE large-batch (val PR)",
      "selection_rule": "max(val_pr_auc), tie_break=max(val_bin_pr_auc)",
      "natural_pr_auc_mean": 0.4141273174580787,
      "natural_roc_auc_mean": 0.7426608044292461,
      "natural_bin_pr_auc_mean": 0.4159788415841639,
      "matched_pr_auc_mean": 0.6380850743762331,
      "matched_roc_auc_mean": 0.6719596723377442,
      "matched_bin_pr_auc_mean": 0.6495803535278649,
      "delta_natural_pr_vs_round6_anchor": 0.0003383570502859534,
      "delta_matched_pr_vs_round6_anchor": -0.011698405602683426,
      "delta_matched_bin_pr_vs_round6_anchor": -0.014539607911504548
    },
    {
      "arm_key": "bce_largebatch_anchor_reselected_bin",
      "arm_label": "Round 7 BCE large-batch (val PR) reselected by val bin PR",
      "selection_rule": "max(val_bin_pr_auc), tie_break=max(val_pr_auc)",
      "natural_pr_auc_mean": 0.3961825858710406,
      "natural_roc_auc_mean": 0.7331574662107149,
      "natural_bin_pr_auc_mean": 0.3914609552541361,
      "matched_pr_auc_mean": 0.606757541265116,
      "matched_roc_auc_mean": 0.6413106490233145,
      "matched_bin_pr_auc_mean": 0.6104630084385353,
      "delta_natural_pr_vs_round6_anchor": -0.017606374536752123,
      "delta_matched_pr_vs_round6_anchor": -0.04302593871380045,
      "delta_matched_bin_pr_vs_round6_anchor": -0.05365695300083417
    },
    {
      "arm_key": "group_bce_anchor",
      "arm_label": "Round 7 equal-bin BCE (val PR)",
      "selection_rule": "max(val_pr_auc), tie_break=max(val_bin_pr_auc)",
      "natural_pr_auc_mean": 0.40247025559338884,
      "natural_roc_auc_mean": 0.7425370460836996,
      "natural_bin_pr_auc_mean": 0.3850824787236,
      "matched_pr_auc_mean": 0.6189084326177108,
      "matched_roc_auc_mean": 0.6639697542533081,
      "matched_bin_pr_auc_mean": 0.6145894989482693,
      "delta_natural_pr_vs_round6_anchor": -0.01131870481440389,
      "delta_matched_pr_vs_round6_anchor": -0.03087504736120572,
      "delta_matched_bin_pr_vs_round6_anchor": -0.04953046249110016
    },
    {
      "arm_key": "group_bce_anchor_reselected_bin",
      "arm_label": "Round 7 equal-bin BCE (val PR) reselected by val bin PR",
      "selection_rule": "max(val_bin_pr_auc), tie_break=max(val_pr_auc)",
      "natural_pr_auc_mean": 0.39747386490226305,
      "natural_roc_auc_mean": 0.735124572545188,
      "natural_bin_pr_auc_mean": 0.4012811865358112,
      "matched_pr_auc_mean": 0.6058857739647844,
      "matched_roc_auc_mean": 0.6412350346565847,
      "matched_bin_pr_auc_mean": 0.6115267344478078,
      "delta_natural_pr_vs_round6_anchor": -0.016315095505529675,
      "delta_matched_pr_vs_round6_anchor": -0.04389770601413212,
      "delta_matched_bin_pr_vs_round6_anchor": -0.05259322699156166
    },
    {
      "arm_key": "group_bce_rank_anchor",
      "arm_label": "Round 7 equal-bin BCE + rank (val PR)",
      "selection_rule": "max(val_pr_auc), tie_break=max(val_bin_pr_auc)",
      "natural_pr_auc_mean": 0.40562005397538087,
      "natural_roc_auc_mean": 0.7448233186777399,
      "natural_bin_pr_auc_mean": 0.39599147125884354,
      "matched_pr_auc_mean": 0.6270181550094425,
      "matched_roc_auc_mean": 0.6715563957151859,
      "matched_bin_pr_auc_mean": 0.624178074308093,
      "delta_natural_pr_vs_round6_anchor": -0.00816890643241186,
      "delta_matched_pr_vs_round6_anchor": -0.022765324969474032,
      "delta_matched_bin_pr_vs_round6_anchor": -0.03994188713127644
    },
    {
      "arm_key": "group_bce_rank_anchor_reselected_bin",
      "arm_label": "Round 7 equal-bin BCE + rank (val PR) reselected by val bin PR",
      "selection_rule": "max(val_bin_pr_auc), tie_break=max(val_pr_auc)",
      "natural_pr_auc_mean": 0.4022560140338347,
      "natural_roc_auc_mean": 0.7422309070184009,
      "natural_bin_pr_auc_mean": 0.389616421442245,
      "matched_pr_auc_mean": 0.6143852653913146,
      "matched_roc_auc_mean": 0.6585003150598614,
      "matched_bin_pr_auc_mean": 0.610197805261969,
      "delta_natural_pr_vs_round6_anchor": -0.01153294637395802,
      "delta_matched_pr_vs_round6_anchor": -0.03539821458760195,
      "delta_matched_bin_pr_vs_round6_anchor": -0.05392215617740048
    }
  ]
}
