{
  "matched_summary": {
    "accuracy": {
      "mean": 0.6173913043478261,
      "n": 3.0,
      "std": 0.023006533139692083
    },
    "bin_pr_auc": {
      "mean": 0.6145894989482693,
      "n": 3.0,
      "std": 0.005706419762449447
    },
    "bin_roc_auc": {
      "mean": 0.6045317002890788,
      "n": 3.0,
      "std": 0.005570705985960904
    },
    "macro_f1": {
      "mean": 0.6086720197148577,
      "n": 3.0,
      "std": 0.027011564994669977
    },
    "positive_f1": {
      "mean": 0.5770851758017498,
      "n": 3.0,
      "std": 0.08389246710300906
    },
    "positive_precision": {
      "mean": 0.6450183650547916,
      "n": 3.0,
      "std": 0.0362780197797281
    },
    "positive_recall": {
      "mean": 0.5420289855072463,
      "n": 3.0,
      "std": 0.17267676531717654
    },
    "pr_auc": {
      "mean": 0.6189084326177108,
      "n": 3.0,
      "std": 0.0058397686430855045
    },
    "prevalence": {
      "mean": 0.5,
      "n": 3.0,
      "std": 0.0
    },
    "roc_auc": {
      "mean": 0.6639697542533081,
      "n": 3.0,
      "std": 0.007748535882327969
    }
  },
  "metadata_baselines": {
    "legacy": {
      "matched": {
        "accuracy": 0.5608695652173913,
        "macro_f1": 0.5564339042599913,
        "positive_f1": 0.5120772946859904,
        "positive_precision": 0.5760869565217391,
        "positive_recall": 0.4608695652173913,
        "pr_auc": 0.5463832154173239,
        "prevalence": 0.5,
        "roc_auc": 0.5382608695652175
      },
      "natural": {
        "accuracy": 0.7303571428571428,
        "macro_f1": 0.6187401652907467,
        "positive_f1": 0.41245136186770426,
        "positive_precision": 0.3732394366197183,
        "positive_recall": 0.4608695652173913,
        "pr_auc": 0.3331355491111594,
        "prevalence": 0.20535714285714285,
        "roc_auc": 0.6569418661455789
      },
      "params": {
        "coef": [
          [
            -0.028593190129254053,
            0.6699399734054389,
            -0.20002903226114518,
            0.22404855818117034,
            -0.2733253108638368
          ]
        ],
        "feature_set": "legacy",
        "intercept": [
          0.053216167370302714
        ],
        "scaler_mean": [
          276.51627384960716,
          95.59483726150393,
          4.37920913965868,
          2.6515151515151514,
          12.900673400673401,
          8.282828282828282
        ],
        "scaler_scale": [
          202.23805441972613,
          74.76958047323129,
          0.6061368340054595,
          5.441278759568617,
          19.029945967922245,
          8.378177473031664
        ],
        "source_reference": "SuperSecureHuman/competition_math_hf_dataset",
        "source_vocab": [
          "SuperSecureHuman/competition_math_hf_dataset",
          "open-r1/OpenR1-Math-220k"
        ]
      },
      "train": {
        "accuracy": 0.6178451178451179,
        "macro_f1": 0.6129204500110521,
        "positive_f1": 0.5692599620493358,
        "positive_precision": 0.6521739130434783,
        "positive_recall": 0.5050505050505051,
        "pr_auc": 0.6505051611646795,
        "prevalence": 0.5,
        "roc_auc": 0.6553079113872231
      },
      "val": {
        "accuracy": 0.6273885350318471,
        "macro_f1": 0.6262931429094571,
        "positive_f1": 0.6060606060606061,
        "positive_precision": 0.6428571428571429,
        "positive_recall": 0.5732484076433121,
        "pr_auc": 0.6429623775193863,
        "prevalence": 0.5,
        "roc_auc": 0.6563349425940201
      }
    },
    "strong": {
      "matched": {
        "accuracy": 0.5260869565217391,
        "macro_f1": 0.5253601923550237,
        "positive_f1": 0.5439330543933054,
        "positive_precision": 0.5241935483870968,
        "positive_recall": 0.5652173913043478,
        "pr_auc": 0.5362725838804006,
        "prevalence": 0.5,
        "roc_auc": 0.5324007561436673
      },
      "natural": {
        "accuracy": 0.6464285714285715,
        "macro_f1": 0.5731707317073171,
        "positive_f1": 0.39634146341463417,
        "positive_precision": 0.3051643192488263,
        "positive_recall": 0.5652173913043478,
        "pr_auc": 0.3137700303189783,
        "prevalence": 0.20535714285714285,
        "roc_auc": 0.647171470444553
      },
      "params": {
        "coef": [
          [
            -0.17758881436693033,
            0.27142478252547075,
            0.634632660101895,
            -0.20962918481853796,
            -0.011393989357847373,
            -0.38595651040271167,
            0.2517871410499908,
            -0.3446019923805419
          ]
        ],
        "feature_set": "strong",
        "intercept": [
          0.1745361302737496
        ],
        "scaler_mean": [
          276.51627384960716,
          95.59483726150393,
          4.37920913965868,
          2.6515151515151514,
          12.900673400673401,
          8.282828282828282
        ],
        "scaler_scale": [
          202.23805441972613,
          74.76958047323129,
          0.6061368340054595,
          5.441278759568617,
          19.029945967922245,
          8.378177473031664
        ],
        "source_reference": "SuperSecureHuman/competition_math_hf_dataset",
        "source_vocab": [
          "SuperSecureHuman/competition_math_hf_dataset",
          "open-r1/OpenR1-Math-220k"
        ]
      },
      "train": {
        "accuracy": 0.6178451178451179,
        "macro_f1": 0.6165641099366017,
        "positive_f1": 0.5944014294222751,
        "positive_precision": 0.633248730964467,
        "positive_recall": 0.5600448933782267,
        "pr_auc": 0.6425851297137111,
        "prevalence": 0.5,
        "roc_auc": 0.6523742223330701
      },
      "val": {
        "accuracy": 0.6019108280254777,
        "macro_f1": 0.601809862941433,
        "positive_f1": 0.6081504702194357,
        "positive_precision": 0.5987654320987654,
        "positive_recall": 0.6178343949044586,
        "pr_auc": 0.629089167486486,
        "prevalence": 0.5,
        "roc_auc": 0.6348330561077529
      }
    }
  },
  "metadata_feature_set": "legacy",
  "natural_summary": {
    "accuracy": {
      "mean": 0.7333333333333334,
      "n": 3.0,
      "std": 0.06658423900859528
    },
    "bin_pr_auc": {
      "mean": 0.3850824787236,
      "n": 3.0,
      "std": 0.013175552071668878
    },
    "bin_roc_auc": {
      "mean": 0.639536046326725,
      "n": 3.0,
      "std": 0.008486796150339057
    },
    "macro_f1": {
      "mean": 0.6351084358277715,
      "n": 3.0,
      "std": 0.02829972955041867
    },
    "positive_f1": {
      "mean": 0.45041421450017843,
      "n": 3.0,
      "std": 0.031468905850424216
    },
    "positive_precision": {
      "mean": 0.40976321772601265,
      "n": 3.0,
      "std": 0.06129394813741523
    },
    "positive_recall": {
      "mean": 0.5391304347826087,
      "n": 3.0,
      "std": 0.1758586818796233
    },
    "pr_auc": {
      "mean": 0.40247025559338884,
      "n": 3.0,
      "std": 0.00971037766507109
    },
    "prevalence": {
      "mean": 0.20535714285714288,
      "n": 3.0,
      "std": 0.0
    },
    "roc_auc": {
      "mean": 0.7425370460836996,
      "n": 3.0,
      "std": 0.006609304997864832
    }
  },
  "rank_lambda": 0.0,
  "rank_max_pairs_per_group": 0,
  "rank_min_neg": 1,
  "rank_min_pos": 1,
  "rank_tau": 1.0,
  "rank_warmup_epochs": 1,
  "runs": [
    {
      "accuracy": 0.7803571428571429,
      "bin_pr_auc": 0.3923475947990173,
      "bin_roc_auc": 0.6467692909215331,
      "macro_f1": 0.6645873811228142,
      "matched_accuracy": 0.6260869565217392,
      "matched_bin_pr_auc": 0.619929333368291,
      "matched_bin_roc_auc": 0.6102094467979885,
      "matched_macro_f1": 0.6166963801255716,
      "matched_positive_f1": 0.5567010309278351,
      "matched_positive_precision": 0.6835443037974683,
      "matched_positive_recall": 0.46956521739130436,
      "matched_pr_auc": 0.6256449873202854,
      "matched_prevalence": 0.5,
      "matched_roc_auc": 0.6723629489603024,