{
  "round4_anchor": {
    "matched_bin_pr": 0.6494021776609948,
    "matched_pr": 0.6415996357753817,
    "matched_roc": 0.6805040957781978,
    "natural_pr": 0.41823203510588775,
    "natural_roc": 0.7503273082559844
  },
  "rows": [
    {
      "delta_matched_bin_pr_vs_round4_anchor": 0.00393248318626882,
      "delta_matched_pr_vs_meta": 0.10139030363501245,
      "delta_matched_pr_vs_round4_anchor": 0.00847857614874592,
      "delta_matched_roc_vs_meta": 0.1451417769376181,
      "delta_matched_roc_vs_round4_anchor": 0.005469439193446779,
      "delta_natural_pr_vs_meta": 0.09667773597683066,
      "delta_natural_pr_vs_round4_anchor": 0.013029965602353477,
      "delta_natural_roc_vs_meta": 0.09604950333821871,
      "delta_natural_roc_vs_round4_anchor": 0.0024100309395864716,
      "matched_bin_pr_auc_mean": 0.6533346608472637,
      "matched_pr_auc_mean": 0.6500782119241276,
      "matched_pr_auc_std": 0.001984137839400189,
      "matched_roc_auc_mean": 0.6859735349716446,
      "matched_roc_auc_std": 0.001944039339460477,
      "natural_pr_auc_mean": 0.4312620007082412,
      "natural_pr_auc_std": 0.002974122791338639,
      "natural_roc_auc_mean": 0.7527373391955708,
      "view_key": "anchor_plus_last16",
      "view_label": "anchor_plus_last16"
    },
    {
      "delta_matched_bin_pr_vs_round4_anchor": -0.0023145499282166693,
      "delta_matched_pr_vs_meta": 0.09508807825112786,
      "delta_matched_pr_vs_round4_anchor": 0.0021763507648613345,
      "delta_matched_roc_vs_meta": 0.1387649653434152,
      "delta_matched_roc_vs_round4_anchor": -0.0009073724007561124,
      "delta_natural_pr_vs_meta": 0.0889852893913275,
      "delta_natural_pr_vs_round4_anchor": 0.005337519016850312,
      "delta_natural_roc_vs_meta": 0.09189382836671545,
      "delta_natural_roc_vs_round4_anchor": -0.0017456440319167932,
      "matched_bin_pr_auc_mean": 0.6470876277327782,
      "matched_pr_auc_mean": 0.643775986540243,
      "matched_pr_auc_std": 0.005672689327308075,
      "matched_roc_auc_mean": 0.6795967233774417,
      "matched_roc_auc_std": 0.0057508359017844225,
      "natural_pr_auc_mean": 0.42356955412273806,
      "natural_pr_auc_std": 0.00403549615110093,
      "natural_roc_auc_mean": 0.7485816642240676,
      "view_key": "anchor_plus_delta8",
      "view_label": "anchor_plus_delta8"
    },
    {
      "delta_matched_bin_pr_vs_round4_anchor": -0.015198831974972404,
      "delta_matched_pr_vs_meta": 0.0888564743059923,
      "delta_matched_pr_vs_round4_anchor": -0.004055253180274221,
      "delta_matched_roc_vs_meta": 0.135967233774417,
      "delta_matched_roc_vs_round4_anchor": -0.0037051039697543198,
      "delta_natural_pr_vs_meta": 0.08997444060095466,
      "delta_natural_pr_vs_round4_anchor": 0.006326670226477482,
      "delta_natural_roc_vs_meta": 0.09527438527927057,
      "delta_natural_roc_vs_round4_anchor": 0.0016349128806383284,
      "matched_bin_pr_auc_mean": 0.6342033456860224,
      "matched_pr_auc_mean": 0.6375443825951075,
      "matched_pr_auc_std": 0.008617032120431078,
      "matched_roc_auc_mean": 0.6767989918084435,
      "matched_roc_auc_std": 0.005763746126705024,
      "natural_pr_auc_mean": 0.4245587053323652,
      "natural_pr_auc_std": 0.006068320936016097,
      "natural_roc_auc_mean": 0.7519622211366227,
      "view_key": "anchor_plus_last16_delta8",
      "view_label": "anchor_plus_last16_delta8"
    }
  ]
}
