{
  "mathonly": {
    "natural_hidden": {
      "accuracy": {
        "mean": 0.7821428571428571,
        "std": 0.02059386177619784,
        "n": 3
      },
      "macro_f1": {
        "mean": 0.678249675371143,
        "std": 0.008567568626262002,
        "n": 3
      },
      "positive_precision": {
        "mean": 0.47803120883574834,
        "std": 0.045780694697524695,
        "n": 3
      },
      "positive_recall": {
        "mean": 0.5217391304347826,
        "std": 0.05289358721998451,
        "n": 3
      },
      "positive_f1": {
        "mean": 0.4957442124096085,
        "std": 0.007227258225725741,
        "n": 3
      },
      "prevalence": {
        "mean": 0.20535714285714288,
        "std": 0.0,
        "n": 3
      },
      "roc_auc": {
        "mean": 0.7481843347988928,
        "std": 0.006034161370048842,
        "n": 3
      },
      "pr_auc": {
        "mean": 0.47039800741228516,
        "std": 0.03022550134234485,
        "n": 3
      }
    },
    "matched_hidden": {
      "accuracy": {
        "mean": 0.6362318840579709,
        "std": 0.017571529931858138,
        "n": 3
      },
      "macro_f1": {
        "mean": 0.6332871305311834,
        "std": 0.02017901186913574,
        "n": 3
      },
      "positive_precision": {
        "mean": 0.6602623523636258,
        "std": 0.01055910568746037,
        "n": 3
      },
      "positive_recall": {
        "mean": 0.56231884057971,
        "std": 0.07497111395001482,
        "n": 3
      },
      "positive_f1": {
        "mean": 0.6054406671653783,
        "std": 0.04210347376175187,
        "n": 3
      },
      "prevalence": {
        "mean": 0.5,
        "std": 0.0,
        "n": 3
      },
      "roc_auc": {
        "mean": 0.6935097668557025,
        "std": 0.00940550732296276,
        "n": 3
      },
      "pr_auc": {
        "mean": 0.7019756843068445,
        "std": 0.019141611811521,
        "n": 3
      }
    },
    "metadata_natural": {
      "accuracy": 0.7678571428571429,
      "macro_f1": 0.5947540691590033,
      "positive_precision": 0.4050632911392405,
      "positive_recall": 0.2782608695652174,
      "positive_f1": 0.32989690721649484,
      "prevalence": 0.20535714285714285,
      "roc_auc": 0.6591499755740108,
      "pr_auc": 0.3353573464725548
    },
    "metadata_matched": {
      "accuracy": 0.5217391304347826,
      "macro_f1": 0.4916003536693192,
      "positive_precision": 0.5423728813559322,
      "positive_recall": 0.2782608695652174,
      "positive_f1": 0.367816091954023,
      "prevalence": 0.5,
      "roc_auc": 0.5470321361058601,
      "pr_auc": 0.5519950792112414
    },
    "delta_pr_auc_natural": 0.13504066093973038,
    "delta_pr_auc_matched": 0.14998060509560318,
    "delta_roc_auc_natural": 0.08903435922488201,
    "delta_roc_auc_matched": 0.14647763074984244
  },
  "sizectrl": {
    "natural_hidden": {
      "accuracy": {
        "mean": 0.7791666666666667,
        "std": 0.0037172607133323667,
        "n": 3
      },
      "macro_f1": {
        "mean": 0.6823717971718143,
        "std": 0.006130814597064294,
        "n": 3
      },
      "positive_precision": {
        "mean": 0.4682345284912139,
        "std": 0.00676436562541185,
        "n": 3
      },
      "positive_recall": {
        "mean": 0.553623188405797,
        "std": 0.030538126819863003,
        "n": 3
      },
      "positive_f1": {
        "mean": 0.5070685182263913,
        "std": 0.013051375897435488,
        "n": 3
      },
      "prevalence": {
        "mean": 0.20535714285714288,
        "std": 0.0,
        "n": 3
      },
      "roc_auc": {
        "mean": 0.7430385930630191,
        "std": 0.0035636639374838327,
        "n": 3
      },
      "pr_auc": {
        "mean": 0.4578889424316737,
        "std": 0.0155053129981175,
        "n": 3
      }
    },
    "matched_hidden": {
      "accuracy": {
        "mean": 0.6217391304347827,
        "std": 0.015061311370164192,
        "n": 3
      },
      "macro_f1": {
        "mean": 0.6066818526198915,
        "std": 0.028308402445141927,
        "n": 3
      },
      "positive_precision": {
        "mean": 0.6948331310033438,
        "std": 0.03205671370640858,
        "n": 3
      },
      "positive_recall": {
        "mean": 0.44347826086956527,
        "std": 0.10028315299713736,
        "n": 3
      },
      "positive_f1": {
        "mean": 0.5350348157365702,
        "std": 0.06718875598636269,
        "n": 3
      },
      "prevalence": {
        "mean": 0.5,
        "std": 0.0,
        "n": 3
      },
      "roc_auc": {
        "mean": 0.6733459357277883,
        "std": 0.008975205555952671,
        "n": 3
      },
      "pr_auc": {
        "mean": 0.6605066862855202,
        "std": 0.012330372891416674,
        "n": 3
      }
    },
    "metadata_natural": {
      "accuracy": 0.7571428571428571,
      "macro_f1": 0.5985155195681511,
      "positive_precision": 0.3870967741935484,
      "positive_recall": 0.3130434782608696,
      "positive_f1": 0.34615384615384615,
      "prevalence": 0.20535714285714285,
      "roc_auc": 0.6603615046409379,
      "pr_auc": 0.3356506923521546
    },
    "metadata_matched": {
      "accuracy": 0.5304347826086957,
      "macro_f1": 0.5071428571428571,
      "positive_precision": 0.5538461538461539,
      "positive_recall": 0.3130434782608696,
      "positive_f1": 0.4,
      "prevalence": 0.5,
      "roc_auc": 0.5421172022684309,
      "pr_auc": 0.5490409313835634
    },
    "delta_pr_auc_natural": 0.1222382500795191,
    "delta_pr_auc_matched": 0.11146575490195687,
    "delta_roc_auc_natural": 0.08267708842208121,
    "delta_roc_auc_matched": 0.13122873345935748
  },
  "sourcectrl": {
    "natural_hidden": {
      "accuracy": {
        "mean": 0.7642857142857142,
        "std": 0.00944911182523071,
        "n": 3
      },
      "macro_f1": {
        "mean": 0.6739243673352201,
        "std": 0.002289050515403985,
        "n": 3
      },
      "positive_precision": {
        "mean": 0.4441598671972846,
        "std": 0.012325529315335823,
        "n": 3
      },
      "positive_recall": {
        "mean": 0.5797101449275363,
        "std": 0.032921207801740716,
        "n": 3
      },
      "positive_f1": {
        "mean": 0.5023809523809524,
        "std": 0.004123930494211598,
        "n": 3
      },
      "prevalence": {
        "mean": 0.20535714285714288,
        "std": 0.0,
        "n": 3
      },
      "roc_auc": {
        "mean": 0.749806220485263,
        "std": 0.0010459952797861754,
        "n": 3
      },
      "pr_auc": {
        "mean": 0.4561968592459847,
        "std": 0.004210943006930833,
        "n": 3
      }
    },
    "matched_hidden": {
      "accuracy": {
        "mean": 0.6478260869565218,
        "std": 0.008695652173913049,
        "n": 3
      },
      "macro_f1": {
        "mean": 0.6459110852683624,
        "std": 0.011199197517522814,
        "n": 3
      },
      "positive_precision": {
        "mean": 0.6608504398826979,
        "std": 0.022490489175495575,
        "n": 3
      },
      "positive_recall": {
        "mean": 0.6144927536231884,
        "std": 0.08445682483671577,
        "n": 3
      },
      "positive_f1": {
        "mean": 0.633703253307928,
        "std": 0.03736807858012305,
        "n": 3
      },
      "prevalence": {
        "mean": 0.5,
        "std": 0.0,
        "n": 3
      },
      "roc_auc": {
        "mean": 0.6966099558916193,
        "std": 0.00491512771659678,
        "n": 3
      },
      "pr_auc": {
        "mean": 0.6779720599290332,
        "std": 0.002180450290841125,
        "n": 3
      }
    },
    "metadata_natural": {
      "accuracy": 0.7285714285714285,
      "macro_f1": 0.6086436781609195,
      "positive_precision": 0.362962962962963,
      "positive_recall": 0.4260869565217391,
      "positive_f1": 0.392,
      "prevalence": 0.20535714285714285,
      "roc_auc": 0.656609672691744,
      "pr_auc": 0.33440226810512325
    },
    "metadata_matched": {
      "accuracy": 0.5478260869565217,