{
  "mathonly": {
    "train_num_samples": 2571,
    "natural_test": {
      "accuracy": 0.7678571428571429,
      "macro_f1": 0.5947540691590033,
      "positive_precision": 0.4050632911392405,
      "positive_recall": 0.2782608695652174,
      "positive_f1": 0.32989690721649484,
      "prevalence": 0.20535714285714285,
      "roc_auc": 0.6591499755740108,
      "pr_auc": 0.3353573464725548
    },
    "matched_test": {
      "accuracy": 0.5217391304347826,
      "macro_f1": 0.4916003536693192,
      "positive_precision": 0.5423728813559322,
      "positive_recall": 0.2782608695652174,
      "positive_f1": 0.367816091954023,
      "prevalence": 0.5,
      "roc_auc": 0.5470321361058601,
      "pr_auc": 0.5519950792112414
    }
  },
  "sizectrl": {
    "train_num_samples": 2096,
    "natural_test": {
      "accuracy": 0.7571428571428571,
      "macro_f1": 0.5985155195681511,
      "positive_precision": 0.3870967741935484,
      "positive_recall": 0.3130434782608696,
      "positive_f1": 0.34615384615384615,
      "prevalence": 0.20535714285714285,
      "roc_auc": 0.6603615046409379,
      "pr_auc": 0.3356506923521546
    },
    "matched_test": {
      "accuracy": 0.5304347826086957,
      "macro_f1": 0.5071428571428571,
      "positive_precision": 0.5538461538461539,
      "positive_recall": 0.3130434782608696,
      "positive_f1": 0.4,
      "prevalence": 0.5,
      "roc_auc": 0.5421172022684309,
      "pr_auc": 0.5490409313835634
    }
  },
  "sourcectrl": {
    "train_num_samples": 2096,
    "natural_test": {
      "accuracy": 0.7285714285714285,
      "macro_f1": 0.6086436781609195,
      "positive_precision": 0.362962962962963,
      "positive_recall": 0.4260869565217391,
      "positive_f1": 0.392,
      "prevalence": 0.20535714285714285,
      "roc_auc": 0.656609672691744,
      "pr_auc": 0.33440226810512325
    },
    "matched_test": {
      "accuracy": 0.5478260869565217,
      "macro_f1": 0.5410238698288433,
      "positive_precision": 0.5632183908045977,
      "positive_recall": 0.4260869565217391,
      "positive_f1": 0.48514851485148514,
      "prevalence": 0.5,
      "roc_auc": 0.5407561436672969,
      "pr_auc": 0.5484187571503988
    }
  },
  "lenmatched": {
    "train_num_samples": 2096,
    "natural_test": {
      "accuracy": 0.7,
      "macro_f1": 0.6018889960899811,
      "positive_precision": 0.3413173652694611,
      "positive_recall": 0.4956521739130435,
      "positive_f1": 0.40425531914893614,
      "prevalence": 0.20535714285714285,
      "roc_auc": 0.6487542745481192,
      "pr_auc": 0.33278184479924394
    },
    "matched_test": {
      "accuracy": 0.5347826086956522,
      "macro_f1": 0.5340691796512619,
      "positive_precision": 0.5377358490566038,
      "positive_recall": 0.4956521739130435,
      "positive_f1": 0.5158371040723982,
      "prevalence": 0.5,
      "roc_auc": 0.5236672967863895,
      "pr_auc": 0.5382192171061819
    }
  }
}
