{
  "anchor_view": "prefill_lasttok_layers_concat",
  "rows": [
    {
      "delta_matched_pr_vs_anchor": 0.0,
      "delta_matched_pr_vs_meta": 0.09291172748626653,
      "delta_matched_roc_vs_anchor": 0.0,
      "delta_matched_roc_vs_meta": 0.13967233774417132,
      "delta_natural_pr_vs_anchor": 0.0,
      "delta_natural_pr_vs_meta": 0.08364777037447718,
      "delta_natural_roc_vs_anchor": 0.0,
      "delta_natural_roc_vs_meta": 0.09363947239863224,
      "matched_bin_pr_auc_mean": 0.6494021776609948,
      "matched_bin_roc_auc_mean": 0.6186482861830084,
      "matched_pr_auc_mean": 0.6415996357753817,
      "matched_pr_auc_std": 0.016713861044499435,
      "matched_roc_auc_mean": 0.6805040957781978,
      "matched_roc_auc_std": 0.013903451393330206,
      "metadata_matched_pr_auc": 0.5486879082891152,
      "metadata_matched_roc_auc": 0.5408317580340265,
      "metadata_natural_pr_auc": 0.33458426473141056,
      "metadata_natural_roc_auc": 0.6566878358573521,
      "natural_bin_pr_auc_mean": 0.4179341642048168,
      "natural_bin_roc_auc_mean": 0.6421703573503345,
      "natural_pr_auc_mean": 0.41823203510588775,
      "natural_pr_auc_std": 0.011406851427729337,
      "natural_roc_auc_mean": 0.7503273082559844,
      "natural_roc_auc_std": 0.0029475520442659854,
      "view_key": "prefill_lasttok_layers_concat",
      "view_label": "anchor_last_token_concat"
    },
    {
      "delta_matched_pr_vs_anchor": -0.020295484059892344,
      "delta_matched_pr_vs_meta": 0.07261624342637418,
      "delta_matched_roc_vs_anchor": -0.01575299306868294,
      "delta_matched_roc_vs_meta": 0.12391934467548837,
      "delta_natural_pr_vs_anchor": -0.005717776322126222,
      "delta_natural_pr_vs_meta": 0.07792999405235096,
      "delta_natural_roc_vs_anchor": 0.001771698420452661,
      "delta_natural_roc_vs_meta": 0.0954111708190849,
      "matched_bin_pr_auc_mean": 0.6334891803800751,
      "matched_bin_roc_auc_mean": 0.6152021549699501,
      "matched_pr_auc_mean": 0.6213041517154894,
      "matched_pr_auc_std": 0.0007110281111706957,
      "matched_roc_auc_mean": 0.6647511027095149,
      "matched_roc_auc_std": 0.0021919473321988484,
      "metadata_matched_pr_auc": 0.5486879082891152,
      "metadata_matched_roc_auc": 0.5408317580340265,
      "metadata_natural_pr_auc": 0.33458426473141056,
      "metadata_natural_roc_auc": 0.6566878358573521,
      "natural_bin_pr_auc_mean": 0.41282641010686644,
      "natural_bin_roc_auc_mean": 0.6566774911616552,
      "natural_pr_auc_mean": 0.4125142587837615,
      "natural_pr_auc_std": 0.0011854359987125973,
      "natural_roc_auc_mean": 0.752099006676437,
      "natural_roc_auc_std": 0.0009684691689103755,
      "view_key": "prefill_last16_layers_concat",
      "view_label": "boundary_last16_mean"
    },
    {
      "delta_matched_pr_vs_anchor": -0.01631213380542762,
      "delta_matched_pr_vs_meta": 0.0765995936808389,
      "delta_matched_roc_vs_anchor": -0.015500945179584114,
      "delta_matched_roc_vs_meta": 0.1241713925645872,
      "delta_natural_pr_vs_anchor": -0.008330194486863673,
      "delta_natural_pr_vs_meta": 0.07531757588761351,
      "delta_natural_roc_vs_anchor": -0.0044553004396679086,
      "delta_natural_roc_vs_meta": 0.08918417195896433,
      "matched_bin_pr_auc_mean": 0.6170539745754099,
      "matched_bin_roc_auc_mean": 0.6026831798316173,
      "matched_pr_auc_mean": 0.6252875019699541,
      "matched_pr_auc_std": 0.003636608715546468,
      "matched_roc_auc_mean": 0.6650031505986137,
      "matched_roc_auc_std": 0.0019737136181929705,
      "metadata_matched_pr_auc": 0.5486879082891152,
      "metadata_matched_roc_auc": 0.5408317580340265,
      "metadata_natural_pr_auc": 0.33458426473141056,
      "metadata_natural_roc_auc": 0.6566878358573521,
      "natural_bin_pr_auc_mean": 0.3956900030111808,
      "natural_bin_roc_auc_mean": 0.6463182145003873,
      "natural_pr_auc_mean": 0.40990184061902407,
      "natural_pr_auc_std": 0.0032436574556006952,
      "natural_roc_auc_mean": 0.7458720078163165,
      "natural_roc_auc_std": 0.0014363478625060906,
      "view_key": "prefill_delta8_layers_concat",
      "view_label": "boundary_delta8"
    },
    {
      "delta_matched_pr_vs_anchor": -0.032366086991649334,
      "delta_matched_pr_vs_meta": 0.06054564049461719,
      "delta_matched_roc_vs_anchor": -0.047863894139886565,
      "delta_matched_roc_vs_meta": 0.09180844360428475,
      "delta_natural_pr_vs_anchor": -0.04805927252115,
      "delta_natural_pr_vs_meta": 0.03558849785332718,
      "delta_natural_roc_vs_anchor": -0.04789447972642891,
      "delta_natural_roc_vs_meta": 0.04574499267220333,
      "matched_bin_pr_auc_mean": 0.6308885336866692,
      "matched_bin_roc_auc_mean": 0.6085531603652264,
      "matched_pr_auc_mean": 0.6092335487837324,
      "matched_pr_auc_std": 0.00496701532122803,
      "matched_roc_auc_mean": 0.6326402016383113,
      "matched_roc_auc_std": 0.009719118249541825,
      "metadata_matched_pr_auc": 0.5486879082891152,
      "metadata_matched_roc_auc": 0.5408317580340265,
      "metadata_natural_pr_auc": 0.33458426473141056,
      "metadata_natural_roc_auc": 0.6566878358573521,
      "natural_bin_pr_auc_mean": 0.38103851657659366,
      "natural_bin_roc_auc_mean": 0.6257352583045265,
      "natural_pr_auc_mean": 0.37017276258473775,
      "natural_pr_auc_std": 0.0029078897548131463,
      "natural_roc_auc_mean": 0.7024328285295555,
      "natural_roc_auc_std": 0.002679013282518957,
      "view_key": "prefill_last16_mid16_delta_layers_concat",
      "view_label": "late_vs_middle_delta"
    },
    {
      "delta_matched_pr_vs_anchor": -0.018585481089794742,
      "delta_matched_pr_vs_meta": 0.07432624639647178,
      "delta_matched_roc_vs_anchor": -0.013938248267170716,
      "delta_matched_roc_vs_meta": 0.1257340894770006,
      "delta_natural_pr_vs_anchor": -0.006811014805610749,
      "delta_natural_pr_vs_meta": 0.07683675556886643,
      "delta_natural_roc_vs_anchor": 0.0005536557563914357,
      "delta_natural_roc_vs_meta": 0.09419312815502368,
      "matched_bin_pr_auc_mean": 0.6167398922673003,
      "matched_bin_roc_auc_mean": 0.6060174370178711,
      "matched_pr_auc_mean": 0.623014154685587,
      "matched_pr_auc_std": 0.0015983521147639804,
      "matched_roc_auc_mean": 0.6665658475110271,
      "matched_roc_auc_std": 0.0017413207762486949,
      "metadata_matched_pr_auc": 0.5486879082891152,
      "metadata_matched_roc_auc": 0.5408317580340265,
      "metadata_natural_pr_auc": 0.33458426473141056,
      "metadata_natural_roc_auc": 0.6566878358573521,
      "natural_bin_pr_auc_mean": 0.39686754783251627,
      "natural_bin_roc_auc_mean": 0.6519854757107965,
      "natural_pr_auc_mean": 0.411421020300277,
      "natural_pr_auc_std": 0.0031881118184654915,
      "natural_roc_auc_mean": 0.7508809640123758,
      "natural_roc_auc_std": 0.0018714665247692463,
      "view_key": "prefill_last16_delta8_layers_concat",
      "view_label": "boundary_last16_plus_delta8"
    }
  ]
}
